{"cameraMode":{"drawMode":0,"name":"Shaded","section":"Shading Mode"},"sceneLighting":false,"audioPlay":false,"sceneViewState":{"showFog":false,"showMaterialUpdate":false,"showSkybox":false,"showFlares":false,"showImageEffects":false,"showParticleSystems":false},"in2DMode":false,"pivot":{"x":-718.5372924804688,"y":171.5802001953125,"z":-0.5262957811355591},"rotation":{"x":-0.726362943649292,"y":0.0018087329808622599,"z":-0.0019110959256067873,"w":-0.6873063445091248},"size":22.284469604492189,"orthographic":false}