{"cameraMode":{"drawMode":0,"name":"Shaded","section":"Shading Mode"},"sceneLighting":false,"audioPlay":false,"sceneViewState":{"showFog":false,"showMaterialUpdate":false,"showSkybox":false,"showFlares":false,"showImageEffects":false,"showParticleSystems":false},"in2DMode":false,"pivot":{"x":525.149658203125,"y":702.5794067382813,"z":29.303741455078126},"rotation":{"x":-0.0373990461230278,"y":-0.07673896104097367,"z":0.0028807895723730327,"w":-0.9963454604148865},"size":377.4324951171875,"orthographic":false}