{"cameraMode":{"drawMode":0,"name":"Shaded","section":"Shading Mode"},"sceneLighting":false,"audioPlay":false,"sceneViewState":{"showFog":false,"showMaterialUpdate":false,"showSkybox":false,"showFlares":false,"showImageEffects":false,"showParticleSystems":false},"in2DMode":false,"pivot":{"x":1077.5208740234375,"y":540.1598510742188,"z":-0.020804693922400476},"rotation":{"x":-0.04976724460721016,"y":-0.009208672679960728,"z":-0.00045883923303335905,"w":0.99871826171875},"size":30.38503074645996,"orthographic":false}