{"cameraMode":{"drawMode":0,"name":"Shaded","section":"Shading Mode"},"sceneLighting":false,"audioPlay":false,"sceneViewState":{"showFog":false,"showMaterialUpdate":false,"showSkybox":false,"showFlares":false,"showImageEffects":false,"showParticleSystems":false},"in2DMode":false,"pivot":{"x":-6.952442169189453,"y":676.3199462890625,"z":3231.826171875},"rotation":{"x":0.08268629759550095,"y":-0.0021574136335402729,"z":-0.00017864025721792132,"w":-0.9965733289718628},"size":4131.51025390625,"orthographic":false}