{"cameraMode":{"drawMode":0,"name":"Shaded","section":"Shading Mode"},"sceneLighting":false,"audioPlay":false,"sceneViewState":{"showFog":false,"showMaterialUpdate":false,"showSkybox":false,"showFlares":false,"showImageEffects":false,"showParticleSystems":false},"in2DMode":false,"pivot":{"x":-54.3282470703125,"y":27.404815673828126,"z":9.1947021484375},"rotation":{"x":0.1081281527876854,"y":-0.12291213124990463,"z":-0.01347279828041792,"w":-0.9864175319671631},"size":1166.64404296875,"orthographic":false}