{"cameraMode":{"drawMode":0,"name":"Shaded","section":"Shading Mode"},"sceneLighting":false,"audioPlay":false,"sceneViewState":{"showFog":false,"showMaterialUpdate":false,"showSkybox":false,"showFlares":false,"showImageEffects":false,"showParticleSystems":false},"in2DMode":false,"pivot":{"x":119.802490234375,"y":222.65719604492188,"z":1.02410888671875},"rotation":{"x":0.04466527700424194,"y":0.006527863908559084,"z":0.00029233054374344647,"w":-0.9989806413650513},"size":772.0349731445313,"orthographic":false}